النشاط الاقتصادي,المحافظة,الولاية,عدد_المرات
إدارة وتشغيل محطات تعبئة الوقود,ظفار,المزيونة,5.0
إدارة وتأجير العقارات المملوكة أو المؤجرة (السكنية وغير السكنية),ظفار,المزيونة,5.0
تنظيم أنشطة تقديم الرعاية الصحية والتعليم والخدمات الثقافية وغيرها من الخدمات الاجتماعية، فيما عدا الضمان الاجتماعي,ظفار,المزيونة,1.0
المخازن التجارية العامة,ظفار,المزيونة,1.0
وزساطة العقارات (مكاتب الدلاليل),ظفار,المزيونة,
إدارة المباني الحكومية (المملوكة أو المؤجرة),ظفار,المزيونة,
استبدال العملات (محلات الصرافة),ظفار,المزيونة,
سمسار تأمين,ظفار,المزيونة,
مكاتب الإستشارات الهندسية المعمارية,ظفار,المزيونة,
عيادة بيطرية,ظفار,المزيونة,
أنشطة تصميم الديكور الداخلي,ظفار,المزيونة,
مكتب إداري,ظفار,المزيونة,
أنشطة استوديوهات ومعامل التصوير,ظفار,المزيونة,
مؤسسات ووكالات الدعاية والإعلان,ظفار,المزيونة,
تأجير الرافعات التي يشغلها عامل,ظفار,المزيونة,
تركيب الجبس (أحجار الزينة),ظفار,المزيونة,
مقاولات البناء والتشييد (إنشاءات عامة للمباني السكنية والغير سكنية),ظفار,المزيونة,
خدمات إستصلاح الأراضي للأغراض الزراعية,ظفار,المزيونة,
تفصيل وخياطة وحياكة الملابس الرجالية العربية (محلات تفصيل خياطة الملابس الرجالية),ظفار,المزيونة,
صنع مستحضرات التجميل، ومستحضرات العناية باليدين والأرجل ... إلخ,ظفار,المزيونة,
صنع أنواع الأختام، أشرطة للآلات الكاتبة، أدوات ولوازم الفنانين التشكيليين,ظفار,المزيونة,
حفظ الأسماك والمنتجات السمكية والأحياء المائية الأخرى عن طريق التبريد أو التجميد,ظفار,المزيونة,
صنع الشيكولاته والحلويات المصنوعة من الشيكولاته,ظفار,المزيونة,
صنع المنتجات الحرفية بتقطير الزهور والاعشاب,ظفار,المزيونة,
إصلاح وصيانة عدادات مواقف السيارات وساعات تحديد الوقت واختام طبع الوقت/التاريخ ومحددات وقت العمليات وما شابهها من معدات تسجيل الوقت,ظفار,المزيونة,
الطباعة بإستخدام الآلات الناسخة والحاسب الآلي والآلات المكتبية الأخرى مثل ناسخات الصور أو الناسخات الحرارية,ظفار,المزيونة,
تفصيل وخياطة الملابس النسائية العربية وغير العربية,ظفار,المزيونة,
أنشطة مدن التسلية ومدن الألعاب (الملاهي وألعاب التسلية),ظفار,المزيونة,
شحن وتفريغ السلع (بغض النظر عن أسلوب النقل المستخدم),ظفار,المزيونة,
النقل البري بالشاحنات للبضائع والسوائل والمعدات (مجدول - غير مجدول),ظفار,المزيونة,
مكاتب التخليص الجمركي,ظفار,المزيونة,
المطاعم,ظفار,المزيونة,
الشقق المفروشة (الفندقية),ظفار,المزيونة,
المقاهي التي تقدم مشروبات أساسا,ظفار,المزيونة,
مقهى متنقل,ظفار,المزيونة,
تصفيف الشعر وأنواع التجميل للنساء,ظفار,المزيونة,
شراء وبيع الأراضي والعقارات وتقسيمها,ظفار,ثمريت,7.0
إدارة المشاريع السياحية,ظفار,ثمريت,4.0
إدارة المشاريع الصناعية,ظفار,ثمريت,2.0
وزساطة العقارات (مكاتب الدلاليل),ظفار,ثمريت,2.0
تثمين الممتلكات,ظفار,ثمريت,2.0
أنشطة النظام العام والسلامة,ظفار,ثمريت,1.0
إدارة وتشغيل محطات تعبئة غاز البترول المسال (غاز الطبخ),ظفار,ثمريت,1.0
إدارة الصالات,ظفار,ثمريت,1.0
أنشطة دعم الخدمات للحكومة ككل، بإستثناء تشغيل المحفوظات الحكومية والمباني الحكومية,ظفار,ثمريت,1.0
إدارة وتشغيل محطات تعبئة الوقود,ظفار,ثمريت,1.0
المخازن التجارية العامة,ظفار,ثمريت,1.0
إدارة المباني الحكومية (المملوكة أو المؤجرة),ظفار,ثمريت,1.0
إدارة وتأجير العقارات المملوكة أو المؤجرة (السكنية وغير السكنية),ظفار,ثمريت,
استبدال العملات (محلات الصرافة),ظفار,ثمريت,
أنشطة استوديوهات ومعامل التصوير,ظفار,ثمريت,
مكاتب الإستشارات الهندسية المعمارية والمدنية,ظفار,ثمريت,
مكاتب الاستشارات القانونية,ظفار,ثمريت,
عيادة بيطرية,ظفار,ثمريت,
أنشطة تخطيط وتصميم المناظر الطبيعية,ظفار,ثمريت,
الإستشارات الهندسية والكهربائية والميكانيكية,ظفار,ثمريت,
أنشطة تصميم الديكور الداخلي,ظفار,ثمريت,
مكتب إداري,ظفار,ثمريت,
ترويج وتسويق البضائع,ظفار,ثمريت,
استشارات سياحية,ظفار,ثمريت,
تحميض الأفلام وطبع الصور,ظفار,ثمريت,
خدمات ادارة الطاقة الكهربائية,ظفار,ثمريت,
أنشطة أخرى خاصة بأنشطة التصوير,ظفار,ثمريت,
المختبرات الزراعية,ظفار,ثمريت,
مكاتب الإستشارات الهندسية المعمارية,ظفار,ثمريت,
مقاولات البناء والتشييد (إنشاءات عامة للمباني السكنية والغير سكنية),ظفار,ثمريت,
مقاولات إنشاء الطرق (تشمل الشوارع والجسور والأنفاق),ظفار,ثمريت,
مقاولات إنشاء شبكات ومحطات المياه والكهرباء والهاتف,ظفار,ثمريت,
تركيب وإصلاح نظم مرشحات ومقاومة الحريق,ظفار,ثمريت,
تركيب الجبس (أحجار الزينة),ظفار,ثمريت,
تأجير معدات البناء او الهدم التي يشغلها عامل,ظفار,ثمريت,
حفر آبار الماء,ظفار,ثمريت,
تغطية الأرضيات والجدران بالبلاط أو الباركيه أو الرخام أو السيراميك أو الموزاييك,ظفار,ثمريت,
تمديد وصيانة الأنابيب بكافة أنواعها,ظفار,ثمريت,
أعمال تنفيذ التصميم الداخلي (التجصيص والطلاء والتزيين),ظفار,ثمريت,
استخراج الأسمدة الطبيعية,ظفار,ثمريت,
الخدمات المتصلة باستخراج النفط والغاز بإستثناء خدمات المسح,ظفار,ثمريت,
تشغيل مناجم الرمال أو الحصباء، بما في ذلك استخراج وتجريف الرمال الصناعية ورمال الإنشاءات والحصباء وتكسير وجرش الأحجار والحصباء (الكسارات),ظفار,ثمريت,
تشغيل المحاجر,ظفار,ثمريت,
أنشطة دعم خاصة بتعدين ركازات الحديد,ظفار,ثمريت,
تعدين الجبس والأنهيدريت,ظفار,ثمريت,
معاهد تعليم اللغات والحاسب الآلي,ظفار,ثمريت,
التعليم الأساسي (المرحلة الأولى),ظفار,ثمريت,
التعليم الأساسي (المرحلة الثانية),ظفار,ثمريت,
خدمات زراعية متعددة,ظفار,ثمريت,
جمع اللبان,ظفار,ثمريت,
انتاج وتعبئة المياه المعدنية,ظفار,ثمريت,
تربية الدواجن,ظفار,ثمريت,
زراعة الأعلاف كالبرسيم وغيره من أعلاف الحيوانات,ظفار,ثمريت,
زراعة الحبوب (قمح، ذرة، شعير … إلخ)، بإستثناء الأرز,ظفار,ثمريت,
زراعة النباتات الحية لأغراض الغرس والزينة والشتلات (المشاتل),ظفار,ثمريت,
مزارع انتاجية للخضروات,ظفار,ثمريت,
زراعة النخيل وانتاج التمور,ظفار,ثمريت,
الزراعة المختلطة بتربية الحيوان,ظفار,ثمريت,
التطريز اليدوي والجاكار,ظفار,ثمريت,
تفصيل وخياطة وحياكة الملابس الرجالية العربية (محلات تفصيل خياطة الملابس الرجالية),ظفار,ثمريت,
صنع وتركيب المنتجات المعدنية المصنوعة من أجزاء في الوحدة ذاتها والمستخدمة في البناء والتشييد مثل النوافذ والأبواب والسلالم والمظلات وأشغال معدنية مماثلة (ورش الحدادة),ظفار,ثمريت,
قص وتفصيل الستائر,ظفار,ثمريت,
صنع الطابوق الأسمنتي المفرغ والآجار,ظفار,ثمريت,
الطباعة بإستخدام الآلات الناسخة والحاسب الآلي والآلات المكتبية الأخرى مثل ناسخات الصور أو الناسخات الحرارية,ظفار,ثمريت,
صنع منتجات خشبية متنوعة (ورش نجارة),ظفار,ثمريت,
انتاج أغراض معدنية بشكل مباشر من المساحيق,ظفار,ثمريت,
صنع الحلويات العربية تشمل المعمول وخلافه,ظفار,ثمريت,
تشييد المنشآت العائمة مثل: الحفارات، العوامات، أرصفة الحفر، الخزانات ... إلخ,ظفار,ثمريت,
صنع الدقيق والعجين للمخابز,ظفار,ثمريت,
صنع الأسمنت بكافة أنواعه,ظفار,ثمريت,
صنع منتجات مطاطية تامة أو غير تامة الصنع,ظفار,ثمريت,
صنع منتجات ورقية للأغراض المنزلية مثل الأطباق والأكواب والصواني ... إلخ,ظفار,ثمريت,
تفصيل وخياطة العبايات النسائية,ظفار,ثمريت,
صنع المنتجات الحرفية لمستحضرات التجميل والعطور,ظفار,ثمريت,
ورش الألمنيوم,ظفار,ثمريت,
صنع المنتجات الحرفية لادوات الصيد التقليدية,ظفار,ثمريت,
قص وتفصيل المفروشات والأصناف المحشوة والأغطية المنزلية مثل الملاءات، أكياس الوسائد، المفارش، الألحفة، الوسائد، وأكياس النوم للرحلات وأنواع البياضات الأخرى .. إلخ,ظفار,ثمريت,
صنع الخيوط لأغراض الخياطة والحياكة,ظفار,ثمريت,
صنع وتجهيز البخور,ظفار,ثمريت,
صنع المستحضرات العطرية للإستخدام الشخصي مثل: العطورات أو ماء الكولونيا أو التواليت,ظفار,ثمريت,
صنع مستحضرات التجميل، ومستحضرات العناية باليدين والأرجل ... إلخ,ظفار,ثمريت,
صنع وتفصيل ملابس الرجال والنساء والأطفال الأخرى,ظفار,ثمريت,
تنجيد الأثاث مثل: المراتب، المجالس العربية، المجالس الإفرنجية ... إلخ,ظفار,ثمريت,
تشغيل المسالخ (ذبح وتهيئة لحوم المواشي),ظفار,ثمريت,
تنظيم الحفلات,ظفار,ثمريت,
النقل البري بالشاحنات للبضائع والسوائل والمعدات (مجدول - غير مجدول),ظفار,ثمريت,
شحن وتفريغ السلع (بغض النظر عن أسلوب النقل المستخدم),ظفار,ثمريت,
النقل البري بالشاحنات للخردة والسكراب,ظفار,ثمريت,
النقل البري بالشاحنات لاسطوانات غاز الطبخ,ظفار,ثمريت,
تركيب وتمديد وإصلاح الأعمال الكهربائية,ظفار,ثمريت,
انتاج السماد من المواد العضوية,ظفار,ثمريت,
المطاعم,ظفار,ثمريت,
المقاهي التي تقدم وجبات الطعام أساسا,ظفار,ثمريت,
المخيمات السياحية,ظفار,ثمريت,
محلات شوي اللحوم (المشاكيك),ظفار,ثمريت,
بيع الذرة,ظفار,ثمريت,
الفنادق والموتيلات والمنتجعات,ظفار,ثمريت,
غسيل جميع أنواع الملابس والمنسوجات,ظفار,ثمريت,
تصفيف الشعر وأنواع التجميل للنساء,ظفار,ثمريت,
المخازن التجارية العامة,ظفار,رخيوت,11.0
تثمين الممتلكات,ظفار,رخيوت,8.0
وزساطة العقارات (مكاتب الدلاليل),ظفار,رخيوت,3.0
إدارة المشاريع السياحية,ظفار,رخيوت,1.0
إدارة وتأجير العقارات المملوكة أو المؤجرة (السكنية وغير السكنية),ظفار,رخيوت,
أنشطة تصميم الديكور الداخلي,ظفار,رخيوت,
مكاتب الإستشارات الهندسية المعمارية,ظفار,رخيوت,
مؤسسات ووكالات الدعاية والإعلان,ظفار,رخيوت,
مكتب إداري,ظفار,رخيوت,
مقاولات البناء والتشييد (إنشاءات عامة للمباني السكنية والغير سكنية),ظفار,رخيوت,
تركيب الجبس (أحجار الزينة),ظفار,رخيوت,
زراعة المحاصيل التي تستخرج منها التوابل,ظفار,رخيوت,
خدمات إستصلاح الأراضي للأغراض الزراعية,ظفار,رخيوت,
صنع منتجات خشبية متنوعة (ورش نجارة),ظفار,رخيوت,
صنع وتركيب المنتجات المعدنية المصنوعة من أجزاء في الوحدة ذاتها والمستخدمة في البناء والتشييد مثل النوافذ والأبواب والسلالم والمظلات وأشغال معدنية مماثلة (ورش الحدادة),ظفار,رخيوت,
تفصيل وخياطة الملابس النسائية العربية وغير العربية,ظفار,رخيوت,
صنع الطابوق الأسمنتي المفرغ والآجار,ظفار,رخيوت,
قص وتفصيل الستائر,ظفار,رخيوت,
تفصيل وخياطة وحياكة الملابس الرجالية العربية (محلات تفصيل خياطة الملابس الرجالية),ظفار,رخيوت,
قص وتفصيل المفروشات والأصناف المحشوة والأغطية المنزلية مثل الملاءات، أكياس الوسائد، المفارش، الألحفة، الوسائد، وأكياس النوم للرحلات وأنواع البياضات الأخرى .. إلخ,ظفار,رخيوت,
التطريز اليدوي والجاكار,ظفار,رخيوت,
صنع المنتجات الحرفية من الجلد,ظفار,رخيوت,
صنع وتفصيل ملابس الرجال والنساء والأطفال الأخرى,ظفار,رخيوت,
شحن وتفريغ السلع (بغض النظر عن أسلوب النقل المستخدم),ظفار,رخيوت,
نقل وبيع مياه الشرب,ظفار,رخيوت,
المطاعم,ظفار,رخيوت,
المقاهي التي تقدم وجبات الطعام أساسا,ظفار,رخيوت,
مقهى متنقل,ظفار,رخيوت,
إدارة المشاريع السياحية,ظفار,سدح,5.0
إدارة وتشغيل محطات تعبئة الوقود,ظفار,سدح,1.0
أنشطة دعم الخدمات للحكومة ككل، بإستثناء تشغيل المحفوظات الحكومية والمباني الحكومية,ظفار,سدح,1.0
المخازن التجارية العامة,ظفار,سدح,1.0
إدارة وتأجير العقارات المملوكة أو المؤجرة (السكنية وغير السكنية),ظفار,سدح,
وزساطة العقارات (مكاتب الدلاليل),ظفار,سدح,
أنشطة تصميم الديكور الداخلي,ظفار,سدح,
خدمات الترويج والتسويق عبر مواقع التواصل الإجتماعي,ظفار,سدح,
أنشطة استوديوهات ومعامل التصوير,ظفار,سدح,
مقاولات البناء والتشييد (إنشاءات عامة للمباني السكنية والغير سكنية),ظفار,سدح,
تمديد وصيانة الأنابيب بكافة أنواعها,ظفار,سدح,
مقاولات تركيبات الأبنية,ظفار,سدح,
تشغيل مناجم الرمال أو الحصباء، بما في ذلك استخراج وتجريف الرمال الصناعية ورمال الإنشاءات والحصباء وتكسير وجرش الأحجار والحصباء (الكسارات),ظفار,سدح,
التعدين واستغلال المحاجر للحصول على الأسفلت والقار والأسفلتيت والحجر الأسفلتي والبيتومين الصلب الطبيعي,ظفار,سدح,
استخراج الملح من باطن الأرض بما يشمل إذابته وضخه,ظفار,سدح,
الإستزراع السمكي البحري,ظفار,سدح,
زراعة الأعلاف كالبرسيم وغيره من أعلاف الحيوانات,ظفار,سدح,
جمع اللبان,ظفار,سدح,
تفصيل وخياطة وحياكة الملابس الرجالية العربية (محلات تفصيل خياطة الملابس الرجالية),ظفار,سدح,
قص وتفصيل الستائر,ظفار,سدح,
حفظ الأسماك والمنتجات السمكية والأحياء المائية الأخرى عن طريق التبريد أو التجميد,ظفار,سدح,
تفصيل وخياطة الملابس النسائية العربية وغير العربية,ظفار,سدح,
تفصيل وخياطة وحياكة الملابس الرجالية غير العربية,ظفار,سدح,
تفصيل وخياطة العبايات النسائية,ظفار,سدح,
صنع الملابس النسائية والبناتية الجاهزة (ملابس داخلية، ملابس خارجية ... إلخ),ظفار,سدح,
أنشطة مدن التسلية ومدن الألعاب (الملاهي وألعاب التسلية),ظفار,سدح,
النقل البري بالشاحنات للبضائع والسوائل والمعدات (مجدول - غير مجدول),ظفار,سدح,
صنع الثلج للأغراض الغذائية وغيرها (للتبريد مثلا),ظفار,سدح,
المطاعم,ظفار,سدح,
محلات البوظة (الآيس كريم),ظفار,سدح,
غسيل جميع أنواع الملابس والمنسوجات,ظفار,سدح,
قص وتصفيف الشعر والحلاقة للرجال,ظفار,سدح,
إدارة وتشغيل محطات تعبئة الوقود,ظفار,شليم وجزر الحلانيات,12.0
شراء وبيع الأراضي والعقارات وتقسيمها,ظفار,شليم وجزر الحلانيات,6.0
إدارة المشاريع السياحية,ظفار,شليم وجزر الحلانيات,4.0
أنشطة النظام العام والسلامة,ظفار,شليم وجزر الحلانيات,1.0
إدارة وتشغيل محطات تعبئة غاز البترول المسال (غاز الطبخ),ظفار,شليم وجزر الحلانيات,1.0
أنشطة دعم الخدمات للحكومة ككل، بإستثناء تشغيل المحفوظات الحكومية والمباني الحكومية,ظفار,شليم وجزر الحلانيات,1.0
وزساطة العقارات (مكاتب الدلاليل),ظفار,شليم وجزر الحلانيات,1.0
المخازن التجارية العامة,ظفار,شليم وجزر الحلانيات,1.0
إدارة وتأجير العقارات المملوكة أو المؤجرة (السكنية وغير السكنية),ظفار,شليم وجزر الحلانيات,1.0
إدارة المباني الحكومية (المملوكة أو المؤجرة),ظفار,شليم وجزر الحلانيات,
تثمين الممتلكات,ظفار,شليم وجزر الحلانيات,
تقييم المخاطر والأضرار,ظفار,شليم وجزر الحلانيات,
أنشطة تصميم الديكور الداخلي,ظفار,شليم وجزر الحلانيات,
مكاتب الإستشارات المالية,ظفار,شليم وجزر الحلانيات,
مكاتب الإستشارات الهندسية المدنية,ظفار,شليم وجزر الحلانيات,
مكتب إداري,ظفار,شليم وجزر الحلانيات,
أنشطة التصميم على الشاشات,ظفار,شليم وجزر الحلانيات,
استشارات في مجال الطاقة الشمسية,ظفار,شليم وجزر الحلانيات,
أنشطة استوديوهات ومعامل التصوير,ظفار,شليم وجزر الحلانيات,
إستشارات هندسة النفط والغاز والبتروكيماويات,ظفار,شليم وجزر الحلانيات,
مؤسسات ووكالات الدعاية والإعلان,ظفار,شليم وجزر الحلانيات,
عيادة بيطرية,ظفار,شليم وجزر الحلانيات,
اختبار وقياس المؤشرات البيئية,ظفار,شليم وجزر الحلانيات,
أنشطة تخطيط وتصميم المناظر الطبيعية,ظفار,شليم وجزر الحلانيات,
مقاولات البناء والتشييد (إنشاءات عامة للمباني السكنية والغير سكنية),ظفار,شليم وجزر الحلانيات,
تركيب وإصلاح الأدوات الصحية,ظفار,شليم وجزر الحلانيات,
تمديد وصيانة الأنابيب بكافة أنواعها,ظفار,شليم وجزر الحلانيات,
أعمال الحفر وردم الأراضي وتسويتها,ظفار,شليم وجزر الحلانيات,
مقاولات إنشاء الطرق (تشمل الشوارع والجسور والأنفاق),ظفار,شليم وجزر الحلانيات,
مقاولات إنشاء شبكات ومحطات المياه والكهرباء والهاتف,ظفار,شليم وجزر الحلانيات,
أعمال الأساسات وهياكل الإنشاءات وأعمال الخرسانة ورص الطابوق ووضع الأحجار والسقالات وتغطية السقوف وغيرها,ظفار,شليم وجزر الحلانيات,
إعداد مواقع لأعمال التعدين,ظفار,شليم وجزر الحلانيات,
أعمال تنفيذ التصميم الداخلي (التجصيص والطلاء والتزيين),ظفار,شليم وجزر الحلانيات,
الخدمات المتصلة باستخراج النفط والغاز بإستثناء خدمات المسح,ظفار,شليم وجزر الحلانيات,
حفر آبار النفط والغاز الطبيعي,ظفار,شليم وجزر الحلانيات,
استخراج النفط الخام,ظفار,شليم وجزر الحلانيات,
خدمات التدريب,ظفار,شليم وجزر الحلانيات,
صيد الأسماك البحرية,ظفار,شليم وجزر الحلانيات,
تربية الدواجن,ظفار,شليم وجزر الحلانيات,
صنع الطابوق الأسمنتي المفرغ والآجار,ظفار,شليم وجزر الحلانيات,
صنع منتجات خشبية متنوعة (ورش نجارة),ظفار,شليم وجزر الحلانيات,
تشغيل المسالخ (ذبح وتهيئة لحوم المواشي),ظفار,شليم وجزر الحلانيات,
صنع المنتجات الحرفية من السعف,ظفار,شليم وجزر الحلانيات,
صنع المنتجات الحرفية من النسيج القطني أو الصوف,ظفار,شليم وجزر الحلانيات,
خراطة المعادن,ظفار,شليم وجزر الحلانيات,
التطريز اليدوي والجاكار,ظفار,شليم وجزر الحلانيات,
صنع منتجات الفايبرجلاس,ظفار,شليم وجزر الحلانيات,
تفصيل وخياطة الملابس النسائية العربية وغير العربية,ظفار,شليم وجزر الحلانيات,
تفصيل وخياطة وحياكة الملابس الرجالية العربية (محلات تفصيل خياطة الملابس الرجالية),ظفار,شليم وجزر الحلانيات,
إصلاح وصيانة المنتجات المعدنية الإنشائية,ظفار,شليم وجزر الحلانيات,
اصلاح وصيانة أجهزة ومعدات الطاقة الشمسية,ظفار,شليم وجزر الحلانيات,
أنشطة أخرى خاصة بصنع منتجات المخابز,ظفار,شليم وجزر الحلانيات,
صنع الخبز ومنتجاته,ظفار,شليم وجزر الحلانيات,
تفصيل وخياطة وحياكة الملابس الرجالية غير العربية,ظفار,شليم وجزر الحلانيات,
مخبز يدوي (تنور),ظفار,شليم وجزر الحلانيات,
قص وتفصيل الستائر,ظفار,شليم وجزر الحلانيات,
ورش الألمنيوم,ظفار,شليم وجزر الحلانيات,
صنع المنتجات الحرفية من الجلد,ظفار,شليم وجزر الحلانيات,
تفصيل وخياطة العبايات النسائية,ظفار,شليم وجزر الحلانيات,
صنع وتفصيل ملابس الرجال والنساء والأطفال الأخرى,ظفار,شليم وجزر الحلانيات,
حفظ الأسماك والمنتجات السمكية والأحياء المائية الأخرى عن طريق التعليب,ظفار,شليم وجزر الحلانيات,
صنع قوارب وزوارق الصيد والسفن المشتملة على مصانع تجهيز الأسماك,ظفار,شليم وجزر الحلانيات,
صنع وتركيب المنتجات المعدنية المصنوعة من أجزاء في الوحدة ذاتها والمستخدمة في البناء والتشييد مثل النوافذ والأبواب والسلالم والمظلات وأشغال معدنية مماثلة (ورش الحدادة),ظفار,شليم وجزر الحلانيات,
قاعات وصالات الأفراح,ظفار,شليم وجزر الحلانيات,
النقل البري بالشاحنات للبضائع والسوائل والمعدات (مجدول - غير مجدول),ظفار,شليم وجزر الحلانيات,
شحن وتفريغ السلع (بغض النظر عن أسلوب النقل المستخدم),ظفار,شليم وجزر الحلانيات,
النقل المائي الداخلي للركاب,ظفار,شليم وجزر الحلانيات,
صنع الثلج للأغراض الغذائية وغيرها (للتبريد مثلا),ظفار,شليم وجزر الحلانيات,
نقل وبيع مياه الشرب,ظفار,شليم وجزر الحلانيات,
المطاعم,ظفار,شليم وجزر الحلانيات,
الشقق المفروشة (الفندقية),ظفار,شليم وجزر الحلانيات,
محلات شوي اللحوم (المشاكيك),ظفار,شليم وجزر الحلانيات,
تصفيف الشعر وأنواع التجميل للنساء,ظفار,شليم وجزر الحلانيات,
غسيل جميع أنواع الملابس والمنسوجات,ظفار,شليم وجزر الحلانيات,
قص وتصفيف الشعر والحلاقة للرجال,ظفار,شليم وجزر الحلانيات,
إصلاح وصيانة الأجهزة الإلكترونية (يشمل إصلاح الراديو والتليفزيون والأقراص المدمجة),ظفار,شليم وجزر الحلانيات,
غسيل الملابس وكيها بالبخار (الغسيل الجاف),ظفار,شليم وجزر الحلانيات,
أنشطة أخرى خاصة بتنظيم أنشطة تسيير الأعمال والمساهمة في تحسين عملياتها,ظفار,صلالة,68.0
شراء وبيع الأراضي والعقارات وتقسيمها,ظفار,صلالة,7.0
إدارة الابتكارات الصناعية,ظفار,صلالة,4.0
أنشطة النظام العام والسلامة,ظفار,صلالة,3.0
تنظيم أنشطة تقديم الرعاية الصحية والتعليم والخدمات الثقافية وغيرها من الخدمات الاجتماعية، فيما عدا الضمان الاجتماعي,ظفار,صلالة,1.0
إدارة الصالات,ظفار,صلالة,1.0
إدارة وتشغيل محطات تعبئة الوقود,ظفار,صلالة,1.0
إدارة المشاريع السياحية,ظفار,صلالة,1.0
استشارات هندسة العمليات,ظفار,صلالة,1.0
إدارة المشاريع الصناعية,ظفار,صلالة,1.0
أنشطة الخدمة العامة (الشاملة),ظفار,صلالة,1.0
أنشطة دعم الخدمات للحكومة ككل، بإستثناء تشغيل المحفوظات الحكومية والمباني الحكومية,ظفار,صلالة,1.0
إدارة وتشغيل محطات تعبئة غاز البترول المسال (غاز الطبخ),ظفار,صلالة,1.0
المخازن التجارية العامة,ظفار,صلالة,1.0
وزساطة العقارات (مكاتب الدلاليل),ظفار,صلالة,1.0
إدارة وتأجير العقارات المملوكة أو المؤجرة (السكنية وغير السكنية),ظفار,صلالة,1.0
إدارة المباني الحكومية (المملوكة أو المؤجرة),ظفار,صلالة,1.0
أنشطة أخرى خاصة بالأنشطة العقارية على أساس رسوم أو عقود,ظفار,صلالة,1.0
تثمين الممتلكات,ظفار,صلالة,1.0
أنشطة أخرى خاصة بالأنشطة العقارية فى الممتلكات المملوكة أو المؤجرة,ظفار,صلالة,1.0
أنشطة إصدار الحوالات والشيكات المالية,ظفار,صلالة,
تسويق اوراق مالية غير عمانية,ظفار,صلالة,
سمسار تأمين,ظفار,صلالة,
نشاط وساطة في الأوراق المالية للآخرين,ظفار,صلالة,
إدارة الاستثمار,ظفار,صلالة,
وكيل تأمين بالعمولة,ظفار,صلالة,
أنشطة التمويل بالتقسيط,ظفار,صلالة,
أنشطة الخدمات المالية الأخرى، بإستثناء تمويل التأمين والمعاشات التقاعدية غير المصنفة في موضع آخر,ظفار,صلالة,
تقييم المخاطر والأضرار,ظفار,صلالة,
أنشطة استثمار الأموال والأوراق المالية (أسهم وسندات),ظفار,صلالة,
تأمين وإصدار السندات بكافة أنواعها للشركات أو المصارف أو المؤسسات المالية غير المصرفية,ظفار,صلالة,
صانع السوق,ظفار,صلالة,
التأمين على الحياة,ظفار,صلالة,
استبدال العملات (محلات الصرافة),ظفار,صلالة,
إدارة وتشغيل الأسواق المالية,ظفار,صلالة,
أنشطة تقديم الإستشارات والأبحاث المالية,ظفار,صلالة,
المصارف المركزية,ظفار,صلالة,
التأمين، بخلاف التأمين على الحياة,ظفار,صلالة,
تأمين ائتمان ذمم تجارية للمبيعات المحلية، الصادرات، والواردات,ظفار,صلالة,
إدارة صناديق الاستثمار,ظفار,صلالة,
إدارة الائتمان والعقارات الخاصة,ظفار,صلالة,
أنشطة تخطيط وتصميم المناظر الطبيعية,ظفار,صلالة,
أنشطة تصميم الديكور الداخلي,ظفار,صلالة,
ترويج وتسويق البضائع,ظفار,صلالة,
مكتب إداري,ظفار,صلالة,
الإستشارات الإدارية,ظفار,صلالة,
مكاتب الاستشارية الخاصة بجهات تقييم المطابقة,ظفار,صلالة,
خدمات الترجمة,ظفار,صلالة,
أنشطة استوديوهات ومعامل التصوير,ظفار,صلالة,
أنشطة الرسم على الزجاج واللوائح,ظفار,صلالة,
أنشطة التصميم على الشاشات,ظفار,صلالة,
أنشطة تصميم الملابس,ظفار,صلالة,
فحص ومعايرة الاجهزة والمعدات والمواد تامة الصنع,ظفار,صلالة,
أبحاث السوق واستطلاعات الرأي العام,ظفار,صلالة,
مكاتب الإستشارات الهندسية المعمارية والمدنية,ظفار,صلالة,
مؤسسات ووكالات الدعاية والإعلان,ظفار,صلالة,
اختبار الأداء للآلات تامة الصنع,ظفار,صلالة,
أنشطة السمسرة التجارية,ظفار,صلالة,
عيادة بيطرية,ظفار,صلالة,
مختبر للفحوص والاختبار (مطابقة المواصفات),ظفار,صلالة,
إستشارات في مجال الاستزراع السمكي,ظفار,صلالة,
مكاتب الإستشارات الهندسية المدنية,ظفار,صلالة,
مكاتب الإستشارات الهندسية المعمارية,ظفار,صلالة,
التطوير العقاري,ظفار,صلالة,
استشارات هندسة السلامة والوقاية من الحرائق,ظفار,صلالة,
مكاتب المراجعة وتدقيق الحسابات,ظفار,صلالة,
الخدمات المساحية والكمية,ظفار,صلالة,
أنشطة أخرى خاصة بالأنشطة المهنية والعلمية والتقنية الأخرى غير المصنفة فى موضع آخر,ظفار,صلالة,
استشارات سياحية,ظفار,صلالة,
استشارات الهندسة الميكانيكية,ظفار,صلالة,
استشارات ادارة المشاريع,ظفار,صلالة,
مكاتب الاستشارات القانونية,ظفار,صلالة,
إستشارات اعلامية,ظفار,صلالة,
المختبرات الزراعية,ظفار,صلالة,
خدمات الترويج والتسويق عبر مواقع التواصل الإجتماعي,ظفار,صلالة,
تقييم وتثمين الموجودات والممتلكات (لا تشمل الممتلكات العقارية أو تقدير الخسائر للتأمين),ظفار,صلالة,
أستشارات التمويل والاستثمار,ظفار,صلالة,
استشارات في مجال الطاقة الشمسية,ظفار,صلالة,
استشارات هندسة البيئية,ظفار,صلالة,
خدمات ادارة الطاقة الكهربائية,ظفار,صلالة,
استشارات هندسة المدن والتخطيط المعماري والحضري,ظفار,صلالة,
مكاتب الهندسة المعمارية والمدنية,ظفار,صلالة,
إستشارات بيئية,ظفار,صلالة,
أنشطة الخبراء الاستشاريين (غير الإستشارات المعمارية والهندسية والإستشارات الخاصة بالإدارة),ظفار,صلالة,
الأستشارات الهندسة الكميائية,ظفار,صلالة,
مراجعة الفواتير (الكمبيالات) والمعلومات المتعلقة بفئة الشحن,ظفار,صلالة,
مكاتب الإستشارات المالية,ظفار,صلالة,
مكاتب المحاماة والإستشارات القانونية,ظفار,صلالة,
اختبار وقياس المؤشرات البيئية,ظفار,صلالة,
إستشارات اقتصادية,ظفار,صلالة,
مكاتب التفتيش طبقا للمواصفة القياسية الدولية ايزو,ظفار,صلالة,
التصميم الصناعي,ظفار,صلالة,
إستشارات جيولوجية,ظفار,صلالة,
البحث والتطوير التجريبي في مجال العلوم الاجتماعية والإنسانية,ظفار,صلالة,
إستشارات هندسية زراعية,ظفار,صلالة,
استشارات التصميم الجرافيكي,ظفار,صلالة,
استشارات في مجال نظم المعلومات الجغرافية,ظفار,صلالة,
استشارات هندسة صناعية,ظفار,صلالة,
تسويق النصوص المقروئة والسمعية,ظفار,صلالة,
استشارات الصحة والسلامة المهنية,ظفار,صلالة,
استشارات هندسة التعدين,ظفار,صلالة,
إستشارات في مجال مسح الكميات,ظفار,صلالة,
إستشارات هندسة النفط والغاز والبتروكيماويات,ظفار,صلالة,
إستشارات موارد بشرية,ظفار,صلالة,
المكاتب الهندسية والتقنية المتعلقة بالأنشطة التخصصية لجميع فروع الهندسة,ظفار,صلالة,
مقاولات البناء والتشييد (إنشاءات عامة للمباني السكنية والغير سكنية),ظفار,صلالة,
تمديد وصيانة الأنابيب بكافة أنواعها,ظفار,صلالة,
تركيب الجبس (أحجار الزينة),ظفار,صلالة,
أعمال الأساسات وهياكل الإنشاءات وأعمال الخرسانة ورص الطابوق ووضع الأحجار والسقالات وتغطية السقوف وغيرها,ظفار,صلالة,
تركيب الألواح الزجاجية,ظفار,صلالة,
مقاولات إنشاء الطرق (تشمل الشوارع والجسور والأنفاق),ظفار,صلالة,
أعمال تنفيذ التصميم الداخلي (التجصيص والطلاء والتزيين),ظفار,صلالة,
مقاولات إنشاء شبكات ومحطات المياه والكهرباء والهاتف,ظفار,صلالة,
أعمال الحفر وردم الأراضي وتسويتها,ظفار,صلالة,
تركيب الأثاث,ظفار,صلالة,
تأجير الرافعات التي يشغلها عامل,ظفار,صلالة,
تفجير الصخور لإعداد المواقع,ظفار,صلالة,
تركيب وإصلاح نظم مرشحات ومقاومة الحريق,ظفار,صلالة,
تركيب أعمال العزل (مياه، حرارة، صوت),ظفار,صلالة,
تغطية الأرضيات والجدران بالبلاط أو الباركيه أو الرخام أو السيراميك أو الموزاييك,ظفار,صلالة,
مقاولات إنشاء شبكات ومحطات الصرف الصحي,ظفار,صلالة,
تركيب وإصلاح نظم التدفئة وتكييف الهواء,ظفار,صلالة,
تأجير معدات البناء او الهدم التي يشغلها عامل,ظفار,صلالة,
أنشطة أخرى خاصة بتشييد المباني,ظفار,صلالة,
تركيب الأبواب والنوافذ,ظفار,صلالة,
إعداد مواقع لأعمال التعدين,ظفار,صلالة,
إنشاء حمامات السباحة الخارجية,ظفار,صلالة,
حفر آبار الماء,ظفار,صلالة,
إصلاح وصيانة الآبار والأفلاج,ظفار,صلالة,
تركيب وإصلاح الأدوات الصحية,ظفار,صلالة,
تركيب نظم إنذار الحريق والسرقة,ظفار,صلالة,
تشغيل وصيانة محطات الطاقة ومحطات تحلية المياه,ظفار,صلالة,
إنشاء وإصلاح المطارات والمرافئ,ظفار,صلالة,
تمديد وصيانة شبكات الغاز للمباني,ظفار,صلالة,
التنظيف بالبخار والسفع بالرمال وغير ذلك من الأنشطة التي تجري على المباني من الخارج,ظفار,صلالة,
تركيب معدات الفنادق والمطاعم والمطابخ,ظفار,صلالة,
تركيب وإصلاح المصاعد والسلالم المتحركة,ظفار,صلالة,
إقامة وإصلاح محطات الطاقة الكهربائية والمحولات ومحطات الإتصالات السلكية واللاسلكية والرادار,ظفار,صلالة,
إنشاء كاسرات للأمواج والحمايات للأرصفة,ظفار,صلالة,
مقاولات تركيبات الأبنية,ظفار,صلالة,
التعدين واستغلال المحاجر للحصول على الأسفلت والقار والأسفلتيت والحجر الأسفلتي والبيتومين الصلب الطبيعي,ظفار,صلالة,
أنشطة أخرى خاصة بأنشطة التعدين واستغلال المحاجر غير المصنفة في موضع آخر,ظفار,صلالة,
تعدين الجبس والأنهيدريت,ظفار,صلالة,
استخراج النفط الخام,ظفار,صلالة,
تشغيل المحاجر,ظفار,صلالة,
الخدمات المتصلة باستخراج النفط والغاز بإستثناء خدمات المسح,ظفار,صلالة,
جرش الملح وتنقيته وتكريره,ظفار,صلالة,
تشغيل مناجم الرمال أو الحصباء، بما في ذلك استخراج وتجريف الرمال الصناعية ورمال الإنشاءات والحصباء وتكسير وجرش الأحجار والحصباء (الكسارات),ظفار,صلالة,
أنشطة التنقيب عن حقول النفط والغاز,ظفار,صلالة,
استخراج الأسمدة الطبيعية,ظفار,صلالة,
استخراج الغاز الطبيعي,ظفار,صلالة,
انتاج محسنات التربة الزراعية,ظفار,صلالة,
حفر آبار النفط والغاز الطبيعي,ظفار,صلالة,
التعدين واستغلال المحاجر للحصول على الأحجار الكريمة والكوارتز والميكا,ظفار,صلالة,
أنشطة دعم خاصة بتعدين المعادن الكيميائية ومعادن الأسمدة,ظفار,صلالة,
انتاج الملح بتبخير مياه البحر أو المياه المالحة,ظفار,صلالة,
رياض الأطفال,ظفار,صلالة,
مراكز التدريب المهني,ظفار,صلالة,
معاهد تعليم اللغات والحاسب الآلي,ظفار,صلالة,
خدمات التدريب,ظفار,صلالة,
تعليم قيادة السيارات,ظفار,صلالة,
التعليم الأساسي (المرحلة الأولى),ظفار,صلالة,
معاهد التدريب الإداري (تنمية الموارد البشرية),ظفار,صلالة,
مدارس تحفيظ القرآن,ظفار,صلالة,
التدريب على الغوص,ظفار,صلالة,
تعليم الفنون الجميلة,ظفار,صلالة,
التعليم الأساسي (المرحلة الثانية),ظفار,صلالة,
خدمات زراعية متعددة,ظفار,صلالة,
انتاج وتعبئة المياه المعدنية,ظفار,صلالة,
تربية النحل وانتاج العسل وشمع العسل,ظفار,صلالة,
زراعة الحبوب (قمح، ذرة، شعير … إلخ)، بإستثناء الأرز,ظفار,صلالة,
زراعة البذور الزيتية,ظفار,صلالة,
جمع اللبان,ظفار,صلالة,
زراعة النباتات الحية لأغراض الغرس والزينة والشتلات (المشاتل),ظفار,صلالة,
خدمات إستصلاح الأراضي للأغراض الزراعية,ظفار,صلالة,
تفصيل وخياطة الملابس الطبية,ظفار,صلالة,
زراعة المحاصيل العطرية,ظفار,صلالة,
تربية الماشية والجاموس,ظفار,صلالة,
تركيب البيوت الزراعية,ظفار,صلالة,
مزارع انتاجية للخضروات,ظفار,صلالة,
زراعة النباتات العطرية والزهور (الأزهار وبراعم الازهار)، بذور الأزهار,ظفار,صلالة,
تربية الجمال والحيوانات الجملية,ظفار,صلالة,
صنع المنتجات الحرفية لإنتاج ماء وزيت اللبان,ظفار,صلالة,
تربية الدواجن,ظفار,صلالة,
الزراعة المختلطة بتربية الحيوان,ظفار,صلالة,
صيد الأسماك البحرية,ظفار,صلالة,
أنشطة أخرى خاصة بزراعة الخضر والبطيخيات والجذور والدرنات,ظفار,صلالة,
تشغيل أحواض تفريخ الأسماك البحرية,ظفار,صلالة,
انتاج البيض,ظفار,صلالة,
زراعة محاصيل القهوة والشاي والكاكاو وغيرها من محاصيل المشروبات,ظفار,صلالة,
تأجير المعدات الزراعية التي يشغلها عامل,ظفار,صلالة,
زراعة جوز الهند,ظفار,صلالة,
مشروعات الري (تشغيل نظم الري للمشروعات الزراعية),ظفار,صلالة,
تربية الضأن والماعز,ظفار,صلالة,
زراعة الأعلاف كالبرسيم وغيره من أعلاف الحيوانات,ظفار,صلالة,
تربية الخيول والحيوانات الخيلية الأخرى,ظفار,صلالة,
جمع الفطر والكمأ,ظفار,صلالة,
زراعة النخيل وانتاج التمور,ظفار,صلالة,
صنع مشروبات الشعير غير الكحولية,ظفار,صلالة,
زراعة المحاصيل الدائمة الأخرى,ظفار,صلالة,
الإستزراع السمكي البحري,ظفار,صلالة,
قص وتفصيل المفروشات والأصناف المحشوة والأغطية المنزلية مثل الملاءات، أكياس الوسائد، المفارش، الألحفة، الوسائد، وأكياس النوم للرحلات وأنواع البياضات الأخرى .. إلخ,ظفار,صلالة,
تفصيل وخياطة الملابس النسائية العربية وغير العربية,ظفار,صلالة,
مخبز يدوي (تنور),ظفار,صلالة,
إصلاح وصيانة معدات الإشعاع والمعدات الكهربائية والإلكترونية المستخدمة في الأغراض الطبية,ظفار,صلالة,
صنع منتجات خشبية متنوعة (ورش نجارة),ظفار,صلالة,
تفصيل وخياطة وحياكة الملابس الرجالية العربية (محلات تفصيل خياطة الملابس الرجالية),ظفار,صلالة,
صنع وتركيب المنتجات المعدنية المصنوعة من أجزاء في الوحدة ذاتها والمستخدمة في البناء والتشييد مثل النوافذ والأبواب والسلالم والمظلات وأشغال معدنية مماثلة (ورش الحدادة),ظفار,صلالة,
صناعة معدات نقل القوى الميكانيكية من أي مادة (أعمدة، أذرعه،  كراسي، تروس ... الخ)، للتدوير والتعشيق ونقل الحركة,ظفار,صلالة,
قص وتفصيل الستائر,ظفار,صلالة,
صنع الحلويات السكرية,ظفار,صلالة,
طحن الذرة المنداه,ظفار,صلالة,
صنع المنتجات الحرفية من الفخار والخزف,ظفار,صلالة,
خلط الشاي وتعبئته,ظفار,صلالة,
الطباعة بإستخدام الآلات الناسخة والحاسب الآلي والآلات المكتبية الأخرى مثل ناسخات الصور أو الناسخات الحرارية,ظفار,صلالة,
صنع أدوات الحدادة والمناجل والقمط ومواقد اللحام ... إلخ,ظفار,صلالة,
قص وتفصيل الخيام والأشرعة والشالات وأغطية السيارات والأثاث والآلات والبضائع . إلخ,ظفار,صلالة,
صنع المواد اللاصقة أو مركبات الجلفطة أو المستحضرات غير الحرارية المماثلة المستخدمة في الحشو أو تسوية السطوح,ظفار,صلالة,
ورش الألمنيوم,ظفار,صلالة,
صنع أنواع الأختام، أشرطة للآلات الكاتبة، أدوات ولوازم الفنانين التشكيليين,ظفار,صلالة,
صنع الطابوق الأسمنتي المفرغ والآجار,ظفار,صلالة,
إصلاح وصيانة المضخات والضواغط والحنفيات والصمامات,ظفار,صلالة,
صنع الأثاث من الألمنيوم والمعادن الأخرى للمنازل والفنادق والمطاعم والمكاتب ... إلخ,ظفار,صلالة,
صنع وتجهيز البخور,ظفار,صلالة,
صنع أجهزة مكبرات الصوت وملحقاتها,ظفار,صلالة,
صنع قوارب وزوارق الصيد والسفن المشتملة على مصانع تجهيز الأسماك,ظفار,صلالة,
خراطة المعادن,ظفار,صلالة,
قطع وتشكيل وتجهيز الأحجار للإستخدام في البناء والتشييد والطرق ... إلخ,ظفار,صلالة,
تفصيل وخياطة العبايات النسائية,ظفار,صلالة,
صنع الحلي والمجوهرات من المعادن الثمينة أو من الأحجار الكريمة (تشمل صياغة الذهب والفضة),ظفار,صلالة,
صنع الفطائر بأنواعها,ظفار,صلالة,
تشغيل المسالخ (ذبح وتهيئة لحوم المواشي),ظفار,صلالة,
إصلاح أو تجديد الآلات الموسيقية كالأورغ وسائر الآلات الموسيقية التاريخية,ظفار,صلالة,
صنع البلاستيك (اللدائن) في أشكالها الأولية,ظفار,صلالة,
التطريز اليدوي والجاكار,ظفار,صلالة,
صنع أوعية التغليف الأخرى (علب حفظ الملفات، أغلفة الاسطوانات ... إلخ),ظفار,صلالة,
صنع ألواح وقضبان وصفائح وشرائح وأشكال خاصة، من المطاط,ظفار,صلالة,
صنع الزيوت الأساسية وتعديل الزيوت والدهون كيمائيا مثل: البلمرة والأكسدة,ظفار,صلالة,
صنع الأثاث من الخشب للمنازل والفنادق والمكاتب والمحلات التجارية ... إلخ,ظفار,صلالة,
صنع المنتجات الحرفية من الجلد,ظفار,صلالة,
تفصيل وخياطة وحياكة الملابس الرجالية غير العربية,ظفار,صلالة,
صنع الخبز ومنتجاته,ظفار,صلالة,
أنشطة أخرى خاصة بصنع اللُباب والورق والورق المقوى,ظفار,صلالة,
نسخ المفاتيح,ظفار,صلالة,
صنع الأسلحة والذخائر,ظفار,صلالة,
صنع البلاط والموازيكو الإسمنتي بكافة أصنافه,ظفار,صلالة,
حفظ الأسماك والمنتجات السمكية والأحياء المائية الأخرى عن طريق التبريد أو التجميد,ظفار,صلالة,
صنع الأسمنت بكافة أنواعه,ظفار,صلالة,
صنع الدقيق والعجين للمخابز,ظفار,صلالة,
صنع المنتجات الحرفية لمستحضرات التجميل والعطور,ظفار,صلالة,
صنع الغازات الصناعية والهواء المسال أو المضغوط، الاستيلين، غازات التبريد، الغازات الصناعية المخلوطة، والغازات الخاملة والغازات العازلة,ظفار,صلالة,
قطع ونشر الرخام,ظفار,صلالة,
ذبح وتهيئة الدواجن والأرانب والطيور,ظفار,صلالة,
تجفيف وتعبئة التمور والعنب والتين وصنع منتجاتها,ظفار,صلالة,
صنع زكائب وأكياس ورقية,ظفار,صلالة,
صنع مستحضرات التجميل، ومستحضرات العناية باليدين والأرجل ... إلخ,ظفار,صلالة,
انتاج الروب (الزبادي)، القشدة، الزبدة، السمن ... إلخ,ظفار,صلالة,
صنع منتجات أفران الكوك,ظفار,صلالة,
إصلاح وصيانة السفن,ظفار,صلالة,
صنع العلامات التجارية، حاشية الزخرفة والأصناف المماثلة من المواد النسيجية,ظفار,صلالة,
استبدال الأسطح الخارجية للإطارات الهوائية المستعملة,ظفار,صلالة,
تبريد وتجميد اللحوم,ظفار,صلالة,
تنجيد الأثاث مثل: المراتب، المجالس العربية، المجالس الإفرنجية ... إلخ,ظفار,صلالة,
صنع اليوريا سلفات والفوسفات الطبيعي الخام وأملاح البوتاسيوم الطبيعية الخام (تشمل الأسمدة العضوية),ظفار,صلالة,
صنع المتفجرات والمنتجات النارية (مشعلات اللهب) وصمامات التفجير والألعاب النارية,ظفار,صلالة,
تجهيز وبسترة وتعبئة الحليب واللبن الطازج,ظفار,صلالة,
استنساخ برامج الحاسب الآلي الجاهزة,ظفار,صلالة,
تبريد وتجميد الفواكه والخضراوات,ظفار,صلالة,
إصلاح وصيانة الصهاريج والخزانات والأوعية المعدنية,ظفار,صلالة,
صنع منتجات معدنية تامة وشبه تامة الصنع بالطرق، أو الكبس، أو السبك والدلفنة,ظفار,صلالة,
صنع أنواع الأحذية الرجالية والنسائية وأحذية الأطفال الجلدية,ظفار,صلالة,
مطابع غير متخصصة,ظفار,صلالة,
تعبئة الزيوت والدهون النباتية بعد تكريره,ظفار,صلالة,
إصلاح قوارب وزوارق الصيد,ظفار,صلالة,
إصلاح وصيانة معدات الإضاءة الكهربائية,ظفار,صلالة,
صنع اليخوت والقوارب,ظفار,صلالة,
غزل وتحضير القطن أو الصوف,ظفار,صلالة,
تشييد المنشآت العائمة مثل: الحفارات، العوامات، أرصفة الحفر، الخزانات ... إلخ,ظفار,صلالة,
صنع المواد الكيميائية المستخدمة في صنع المستحضرات الصيدلانية مثل المضادات الحيوية، الأمصال، الفيتامينات، المنتجات الهرمونية الأخرى، حامض السالسيليك وحامض أو-أسيتيلساليسيليك، سكر كيميائي نقي ... إلخ,ظفار,صلالة,
طحن وتعبئة البهارات والتوابل,ظفار,صلالة,
صنع المنتجات الحرفية من الفضة,ظفار,صلالة,
صنع الأكياس بما فيها أكياس بولي ايثيلين وبلاستيك,ظفار,صلالة,
أنشطة أخرى خاصة بصنع معدات الإتصالات,ظفار,صلالة,
صنع ملابس الأطفال (ولادي، بناتي) الجاهزة (ملابس داخلية، ملابس خارجية ... إلخ),ظفار,صلالة,
سبك المعادن غير الحديدية مثل الألمنيوم والزنك والنحاس... إلخ (منتجات تامة ونصف تامة الصنع),ظفار,صلالة,
صنع خيوط معدنية أو نسيجية وصنع أقمشة مشربه أو مغطاة أو مطلية بمطاط أو لدائن وما شابهها,ظفار,صلالة,
صنع أصناف من الأسلاك مثل: سلك شائك، سياج، شبك ممدد ... إلخ,ظفار,صلالة,
صنع الصهاريج والخزانات والصوامع,ظفار,صلالة,
انتاج وتكرير الزيوت النباتية الأخرى,ظفار,صلالة,
طحن وتعبئة الحبوب (قمح، ذرة، شعير ... إلخ),ظفار,صلالة,
حفظ الأسماك والمنتجات السمكية والأحياء المائية الأخرى بواسطة التجفيف أو التدخين أو التمليح,ظفار,صلالة,
صنع رقائق البطاطس,ظفار,صلالة,
صنع أعلاف للحيوانات (الأعلاف المركزة، أعلاف الماشية),ظفار,صلالة,
صنع المنتجات الحرفية من الألمنيوم,ظفار,صلالة,
إصلاح وصيانة وصنع أجزاء وقطع مخصصة للآلات والمعدات المتعددة الأغراض,ظفار,صلالة,
صنع الصابون بجميع أشكاله (سائل، معجون، جاف)، والورق أو اللباد المغطى بالصابون وصنع الشامبوهات,ظفار,صلالة,
صنع الملابس النسائية والبناتية الجاهزة (ملابس داخلية، ملابس خارجية ... إلخ),ظفار,صلالة,
تحضير أو تعليب أو حفظ الفواكه وعصيرها,ظفار,صلالة,
صنع الحلويات العربية تشمل المعمول وخلافه,ظفار,صلالة,
صنع وتفصيل الكمة العمانية,ظفار,صلالة,
صنع الأنابيب والمواسير والخراطيم وسيور نقل الحركة ونقل المواد والسيور الأخرى، من المطاط,ظفار,صلالة,
صنع الأبواب والنوافذ الخشبية (سواء كانت تحتوي أو لا تحتوي على تجهيزات معدنية مثل المفصلات والأقفال .. إلخ),ظفار,صلالة,
تفصيل وخياطة الملابس الرياضية,ظفار,صلالة,
طباعة الإعلانات والملصقات والتقاويم الزمنية والكروت الشخصية وبطاقات الأفراح وأوراق اللعب ... إلخ,ظفار,صلالة,
صنع البسط والسجاد,ظفار,صلالة,
صنع آلات وأجهزة تنقية وترشيح السوائل أو الغازات، آلات ومعدات التقطير والتكرير، أجهزة الطرد المركزي، آلات لإسالة الغاز أو الهواء ... إلخ، وآلات قذف الرمال,ظفار,صلالة,
أنشطة أخرى خاصة بصنع الحديد القاعدي والصلب,ظفار,صلالة,
صنع زيوت التشحيم,ظفار,صلالة,
صنع المثلجات (الآيس كريم),ظفار,صلالة,
صنع الحلوى العمانية,ظفار,صلالة,
صهر ودرفلة وسحب وتنقية المعادن غير الحديدية الخام (عدا المعادن الثمينة) مثل النحاس، الرصاص، الزنك الكروم، القصدير، الألمنيوم ... إلخ وخلائط هذه المعادن,ظفار,صلالة,
صنع علب كرتون، صناديق، شنط مطوية أو مفردة من الورق أو من الورق المقوى (غير مموج),ظفار,صلالة,
صنع الأغطية المعدنية لغرف تفتيش الصرف الصحي,ظفار,صلالة,
صنع الأنابيب البلاستيكية,ظفار,صلالة,
صنع صلصة الطماطم,ظفار,صلالة,
صنع الورق والورق المقوى (الكرتون) المموج,ظفار,صلالة,
صنع الجاتوه والبيتفور والكعك بأنواعه,ظفار,صلالة,
صنع الكاكاو على شكل عجينه أو ألواح أو مسحوق أو زبدة أو دهن أو زيت الكاكاو,ظفار,صلالة,
صنع المستحضرات العطرية للإستخدام الشخصي مثل: العطورات أو ماء الكولونيا أو التواليت,ظفار,صلالة,
صنع آلات الرفع والمناولة المستخدمة في الموانئ، المصانع، المستودعات ... إلخ,ظفار,صلالة,
صنع أطعمة الإفطار (كورن فليكس، شيبس ... إلخ)، من الحبوب على شكل رقائق,ظفار,صلالة,
الطباعة الرقمية,ظفار,صلالة,
صنع الملابس الرجالية وملابس الأولاد الجاهزة (ملابس داخلية، ملابس خارجية ... إلخ),ظفار,صلالة,
صنع نماذج مصغرة وغيرها من نماذج التسلية، ألعاب تركيبية من جميع الأنواع,ظفار,صلالة,
صنع العدد اليدوية التي تعمل بالطاقة,ظفار,صلالة,
صنع أغذية الأطفال الرضع وصغار الأطفال,ظفار,صلالة,
إصلاح وصيانة البطاريات,ظفار,صلالة,
صنع المستحضرات الصيدلانية للإستخدام البشري,ظفار,صلالة,
صنع الحديد النقي بواسطة التحليل الكهربائي أو العمليات الكيميائية والحديد غير المصقول والحديد الإسفنجي والزهر بما في ذلك مسبوكات حديد الصلب والزهر,ظفار,صلالة,
صنع وتفصيل ملابس الرجال والنساء والأطفال الأخرى,ظفار,صلالة,
حفظ وتحميص وتعبئة المكسرات بأنواعها,ظفار,صلالة,
صنع الحقائب والأكياس والأعلام والرايات والشماسي والتندات ... إلخ المصنوعة من القماش,ظفار,صلالة,
تشغيل مصانع الورق,ظفار,صلالة,
صنع منتجات من الحديد أو من الصلب والفولاذ... إلخ، بواسطة السحب أو الطرق,ظفار,صلالة,
انتاج وتكرير زيت السمسم,ظفار,صلالة,
صنع منتجات اللحوم (سجق، برجر، مرتديلا، دقيق، مسحوق، مجفف ... إلخ),ظفار,صلالة,
طباعة الخرائط والأطالس,ظفار,صلالة,
إصلاح وصيانة شاحنات البطاريات,ظفار,صلالة,
صنع السيوف والجنبيات والأسلحة المماثلة,ظفار,صلالة,
نشر وتقطيع الألواح أو الخشب الخام,ظفار,صلالة,
تركيب أجهزة الحاسوب الرئيسية والطرفية وآلات المكاتب الأخرى,ظفار,صلالة,
تلحيم المواسير والمعدات وراديترات وشكمانات المركبات,ظفار,صلالة,
إصلاح وصيانة الأسلحة,ظفار,صلالة,
صنع الزجاج على شكل كتل، ألواح، أنابيب، قضبان سواء كان مشغولا أو غير مشغول، أو بتركيبات كيميائية مثل الكوارتز، أو الزجاج الملون أو المسلح أو المسحوب... إلخ,ظفار,صلالة,
صنع الشباك وشباك الصيد والحواجز الواقية على سطح السفن,ظفار,صلالة,
اصلاح كهرباء السفن والقوارب,ظفار,صلالة,
صنع مناديل وفوط ومناشف الأطباق,ظفار,صلالة,
إصلاح وصيانة أجهزة توزيع الكهرباء والتحكم فيها,ظفار,صلالة,
صنع المنتجات الحرفية من السعف,ظفار,صلالة,
إصلاح وصيانة الحاويات (الكونتينرات),ظفار,صلالة,
صنع الخناجر العمانية,ظفار,صلالة,
صنع المنتجات الحرفية بتقطير الزهور والاعشاب,ظفار,صلالة,
صنع اللعب ذات العجلات المصممة للركوب (عدا الدراجات ذات العجلتين),ظفار,صلالة,
اصلاح وصيانة أجهزة ومعدات الطاقة الشمسية,ظفار,صلالة,
صنع الجبس,ظفار,صلالة,
صنع خبز الأكلات الشعبية ورقائق المعجنات النيئة,ظفار,صلالة,
صنع الورق الصحي والمناديل ومناديل التنظيف والمناشف والفوط الصحية وفوط الأطفال والمائدة وحشوات امتصاص النزيف ... إلخ، والأنواع الأخرى من المنتجات الورقية ذات الإستخدام الشخصي,ظفار,صلالة,
صنع ورق الكتابة والرسم والطباعة والورق الشفاف والمصقول والورق المصمغ أو اللاصق الجاهز للاستعمال والأنواع الأخرى,ظفار,صلالة,
صنع مركبات مقطورة ونصف مقطورة بما فيها الكارافان والتي تجر بواسطة السيارات,ظفار,صلالة,
صيانة معدات المصانع,ظفار,صلالة,
صنع عربات المطاعم الجمالية مثل عربات الحلوى وعربات الطعام,ظفار,صلالة,
صنع مواد كيميائية مساعدة للبلل والنفاذ ومنتجات كيمائية للاستخدام الصناعي ... إلخ,ظفار,صلالة,
صنع المنظفات الصناعية، وملمعات ومعاجين الأحذية والخشب والأرضيات والزجاج والمعادن، أو الأثاث بكافة أشكالها، ومعاجين ومساحيق الجلي بما في ذلك الورق والحشو، وصنع المواد أو المستحضرات ذات الفعالية في الغسيل أو التنظيف,ظفار,صلالة,
صناعة الطائرات التحكم عن بعد,ظفار,صلالة,
صنع الأدوات المنزلية وأدوات المطبخ والزينة,ظفار,صلالة,
صنع العدد اليدوية المستخدمة في أعمال الزراعة والنجارة والميكانيكا والحفر والبناء ... إلخ,ظفار,صلالة,
صنع المعدات الإضافية المستخدمة مع المراجل مثل موفرات الطاقة وأجهزة جمع البخار والكشط ... إلخ,ظفار,صلالة,
دباغة الجلود (بالمواد الكيميائية أو النباتية أو المعدنية) وتهيئتها,ظفار,صلالة,
تشميع الملابس ضد الماء,ظفار,صلالة,
أنشطة أخرى خاصة بصنع الكاكاو والشكولاته والحلويات السكرية,ظفار,صلالة,
صنع بلاط الحوائط والأرضيات (السيراميك والقيشاني),ظفار,صلالة,
إصلاح وصيانة مولدات (إشارة) النبض,ظفار,صلالة,
صنع أفران ومعدات التسخين الصناعية والمختبرية الكهربائية,ظفار,صلالة,
بناء السفن,ظفار,صلالة,
أنشطة أخرى خاصة بصنع الألياف الاصطناعية,ظفار,صلالة,
صنع مجموعات الخراطيم والتركيبات الهيدروليكية والهوائية المطاطية,ظفار,صلالة,
صنع المباني الخشبية سابقة التجهيز,ظفار,صلالة,
تنظيم الحفلات,ظفار,صلالة,
مراكز اللياقة البدنية يشمل مراكز كمال الأجسام,ظفار,صلالة,
أنشطة مدن التسلية ومدن الألعاب (الملاهي وألعاب التسلية),ظفار,صلالة,
تشغيل المتاحف بكافة أنواعها,ظفار,صلالة,
قاعات وصالات الأفراح,ظفار,صلالة,
تنظيم الفعاليات الرياضية,ظفار,صلالة,
أندية الفروسية والهجن والصيد,ظفار,صلالة,
المغامرات السياحية,ظفار,صلالة,
أنشطة المنتزهات الترفيهية والشواطئ,ظفار,صلالة,
انشطة العاب تسلية متنقلة,ظفار,صلالة,
أنشطة ألعاب التسلية وأنظمة المحاكاة الالكترونية,ظفار,صلالة,
أنشطة الصحفيين المستقلين,ظفار,صلالة,
انتاج الحفلات الموسيقية,ظفار,صلالة,
الأندية الرياضية,ظفار,صلالة,
تطوير شبكات الحاسب الآلي,ظفار,صلالة,
مقاهي الإنترنت (خدمات النفاذ للانترنت العامة),ظفار,صلالة,
أنشطة أخرى خاصة بأنشطة الإتصالات السلكية,ظفار,صلالة,
نشر وتوفير البرمجيات الجاهزة,ظفار,صلالة,
خدمات الدعم في مجال تقنية المعلومات والبرمجة الحاسوبية,ظفار,صلالة,
صيانة برمجيات وتصميم صفحات المواقع,ظفار,صلالة,
صيانة الشبكات,ظفار,صلالة,
إدارة وتشغيل مرافق تجهيز البيانات الخاصة بجهات أخرى على أساس دائم,ظفار,صلالة,
نشر البرمجيات على الشبكة المعلوماتية (الإنترنت),ظفار,صلالة,
انتاج الأفلام السينمائية وأشرطة الفيديو,ظفار,صلالة,
خدمات إدخال البيانات,ظفار,صلالة,
تحليل النظم,ظفار,صلالة,
النقل البري بالشاحنات للبضائع والسوائل والمعدات (مجدول - غير مجدول),ظفار,صلالة,
نقل الحجاج والمعتمرين,ظفار,صلالة,
خدمات بحرية,ظفار,صلالة,
مكاتب التخليص الجمركي,ظفار,صلالة,
شحن وتفريغ السلع (بغض النظر عن أسلوب النقل المستخدم),ظفار,صلالة,
مستودع البضائع,ظفار,صلالة,
النقل البري للركاب المحددة بمواعيد (النقل العام),ظفار,صلالة,
تأجير الشاحنات مع السائق,ظفار,صلالة,
شحن السفن (أو تفريغها),ظفار,صلالة,
تأجير سيارات خاصة مع السائق,ظفار,صلالة,
النقل البري بالشاحنات للمواد النفطية والغازية,ظفار,صلالة,
أنشطة البريد (الخدمات البريدية والخدمات المرتبطة بها),ظفار,صلالة,
النقل البري للركاب في المدن والضواحي,ظفار,صلالة,
وكالات ملاحية,ظفار,صلالة,
تشغيل (إدارة وصيانة) محطات شحن السلع في الموانئ,ظفار,صلالة,
خدمات النقل البري للركاب بالمطار,ظفار,صلالة,
النقل البري للركاب بالحافلات المنتظم (النقل السياحي),ظفار,صلالة,
النقل المائي البحري والساحلي للركاب,ظفار,صلالة,
معاينة وفحص الوحدات البحرية التي لا تشملها المعاهدات البحرية الدولية,ظفار,صلالة,
شحن وتفريغ البضائع التي يزيد وزنها على 25كغم,ظفار,صلالة,
النقل البري للركاب بالحافلات المنتظم (بين المدن),ظفار,صلالة,
مستودعات الأغذية والأدوية واللحوم (التي تخضع للتفتيش الصحي),ظفار,صلالة,
النقل المائي البحري والساحلي بين الدول للبضائع,ظفار,صلالة,
تركيب وتمديد وإصلاح الأعمال الكهربائية,ظفار,صلالة,
جمع البطاريات والزيوت المستعملة,ظفار,صلالة,
أنشطة أخرى لإعادة دوران النفايات والخردة الفلزية (المعدنية),ظفار,صلالة,
التخلص من المخلفات الصناعية الخطرة,ظفار,صلالة,
نقل وبيع مياه الشرب,ظفار,صلالة,
انتاج السماد من المواد العضوية,ظفار,صلالة,
تنقية المياه وتوزيع المياه,ظفار,صلالة,
تربية البقر أو الجاموس أو الضأن أو الماعز للاستهلاك العائلي (الزرايب),ظفار,صلالة,
محلات شوي الأسماك والمأكولات البحرية,ظفار,صلالة,
المقاهي التي تقدم وجبات الطعام أساسا,ظفار,صلالة,
المطاعم,ظفار,صلالة,
محلات البوظة (الآيس كريم),ظفار,صلالة,
الشقق المفروشة (الفندقية),ظفار,صلالة,
شركات تجهيز الطعام (تموين وإعاشة),ظفار,صلالة,
المقاهي التي تقدم مشروبات أساسا,ظفار,صلالة,
محلات شوي اللحوم (المشاكيك),ظفار,صلالة,
الفنادق والموتيلات والمنتجعات,ظفار,صلالة,
المخيمات السياحية,ظفار,صلالة,
تقديم خدمات الضيافة,ظفار,صلالة,
محلات بيع العصائر,ظفار,صلالة,
بيع الذرة,ظفار,صلالة,
مقهى متنقل,ظفار,صلالة,
بيوت الضيافة,ظفار,صلالة,
إصلاح وصيانة الأجهزة الإلكترونية (يشمل إصلاح الراديو والتليفزيون والأقراص المدمجة),ظفار,صلالة,
غسيل جميع أنواع الملابس والمنسوجات,ظفار,صلالة,
إصلاح وصيانة الغسالات والثلاجات والمكيفات,ظفار,صلالة,
قص وتصفيف الشعر والحلاقة للرجال,ظفار,صلالة,
تصفيف الشعر وأنواع التجميل للنساء,ظفار,صلالة,
كي الملابس,ظفار,صلالة,
إصلاح الأحذية والمنتجات الجلدية,ظفار,صلالة,
إصلاح وصيانة أجهزة الحاسوب والمعدات الطرفية للحاسوب,ظفار,صلالة,
الأندية الصحية (مساج ،حمام بخاري ....إلخ),ظفار,صلالة,
إصلاح الدراجات الهوائية,ظفار,صلالة,
إصلاح وصيانة الهواتف النقالة,ظفار,صلالة,
غسيل الملابس وكيها بالبخار (الغسيل الجاف),ظفار,صلالة,
إدارة المشاريع الصناعية,ظفار,ضلكوت,1.0
المخازن التجارية العامة,ظفار,ضلكوت,
أنشطة تخطيط وتصميم المناظر الطبيعية,ظفار,ضلكوت,
أنشطة تصميم الديكور الداخلي,ظفار,ضلكوت,
أنشطة التصميم على الشاشات,ظفار,ضلكوت,
مقاولات البناء والتشييد (إنشاءات عامة للمباني السكنية والغير سكنية),ظفار,ضلكوت,
صنع منتجات خشبية متنوعة (ورش نجارة),ظفار,ضلكوت,
الطباعة بإستخدام الآلات الناسخة والحاسب الآلي والآلات المكتبية الأخرى مثل ناسخات الصور أو الناسخات الحرارية,ظفار,ضلكوت,
مطابع غير متخصصة,ظفار,ضلكوت,
تفصيل وخياطة وحياكة الملابس الرجالية العربية (محلات تفصيل خياطة الملابس الرجالية),ظفار,ضلكوت,
صنع الطابوق الأسمنتي المفرغ والآجار,ظفار,ضلكوت,
قص وتفصيل الستائر,ظفار,ضلكوت,
صنع وتركيب المنتجات المعدنية المصنوعة من أجزاء في الوحدة ذاتها والمستخدمة في البناء والتشييد مثل النوافذ والأبواب والسلالم والمظلات وأشغال معدنية مماثلة (ورش الحدادة),ظفار,ضلكوت,
صنع وتفصيل ملابس الرجال والنساء والأطفال الأخرى,ظفار,ضلكوت,
المطاعم,ظفار,ضلكوت,
الفنادق والموتيلات والمنتجعات,ظفار,ضلكوت,
أنشطة دعم الخدمات للحكومة ككل، بإستثناء تشغيل المحفوظات الحكومية والمباني الحكومية,ظفار,طاقة,27.0
المخازن التجارية العامة,ظفار,طاقة,21.0
إدارة وتأجير العقارات المملوكة أو المؤجرة (السكنية وغير السكنية),ظفار,طاقة,2.0
إدارة الصالات,ظفار,طاقة,1.0
إدارة المشاريع السياحية,ظفار,طاقة,1.0
إدارة وتشغيل محطات تعبئة غاز البترول المسال (غاز الطبخ),ظفار,طاقة,1.0
أنشطة الخدمة العامة (الشاملة),ظفار,طاقة,1.0
وزساطة العقارات (مكاتب الدلاليل),ظفار,طاقة,1.0
شراء وبيع الأراضي والعقارات وتقسيمها,ظفار,طاقة,1.0
إدارة المباني الحكومية (المملوكة أو المؤجرة),ظفار,طاقة,1.0
تثمين الممتلكات,ظفار,طاقة,
وكيل تأمين بالعمولة,ظفار,طاقة,
أنشطة تصميم الديكور الداخلي,ظفار,طاقة,
مؤسسات ووكالات الدعاية والإعلان,ظفار,طاقة,
تقييم وتثمين الموجودات والممتلكات (لا تشمل الممتلكات العقارية أو تقدير الخسائر للتأمين),ظفار,طاقة,
أنشطة تخطيط وتصميم المناظر الطبيعية,ظفار,طاقة,
خدمات الترجمة,ظفار,طاقة,
مكاتب الإستشارات الهندسية المعمارية,ظفار,طاقة,
التطوير العقاري,ظفار,طاقة,
أنشطة التصميم على الشاشات,ظفار,طاقة,
مختبر للفحوص والاختبار (مطابقة المواصفات),ظفار,طاقة,
أنشطة استوديوهات ومعامل التصوير,ظفار,طاقة,
مقاولات البناء والتشييد (إنشاءات عامة للمباني السكنية والغير سكنية),ظفار,طاقة,
تمديد وصيانة شبكات الغاز للمباني,ظفار,طاقة,
أعمال الحفر وردم الأراضي وتسويتها,ظفار,طاقة,
أعمال تنفيذ التصميم الداخلي (التجصيص والطلاء والتزيين),ظفار,طاقة,
مقاولات إنشاء شبكات ومحطات المياه والكهرباء والهاتف,ظفار,طاقة,
استخراج الأسمدة الطبيعية,ظفار,طاقة,
رياض الأطفال,ظفار,طاقة,
مراكز التدريب المهني,ظفار,طاقة,
جمع اللبان,ظفار,طاقة,
تربية الدواجن,ظفار,طاقة,
مزارع انتاجية للخضروات,ظفار,طاقة,
خدمات زراعية متعددة,ظفار,طاقة,
تربية الخيول والحيوانات الخيلية الأخرى,ظفار,طاقة,
تربية النحل وانتاج العسل وشمع العسل,ظفار,طاقة,
صنع الطابوق الأسمنتي المفرغ والآجار,ظفار,طاقة,
صنع الحلويات العربية تشمل المعمول وخلافه,ظفار,طاقة,
تبريد وتجميد اللحوم,ظفار,طاقة,
تفصيل وخياطة وحياكة الملابس الرجالية العربية (محلات تفصيل خياطة الملابس الرجالية),ظفار,طاقة,
صنع منتجات خشبية متنوعة (ورش نجارة),ظفار,طاقة,
ورش الألمنيوم,ظفار,طاقة,
صنع وتجهيز البخور,ظفار,طاقة,
صنع وتركيب المنتجات المعدنية المصنوعة من أجزاء في الوحدة ذاتها والمستخدمة في البناء والتشييد مثل النوافذ والأبواب والسلالم والمظلات وأشغال معدنية مماثلة (ورش الحدادة),ظفار,طاقة,
صنع المنتجات الحرفية من الفخار والخزف,ظفار,طاقة,
الطباعة بإستخدام الآلات الناسخة والحاسب الآلي والآلات المكتبية الأخرى مثل ناسخات الصور أو الناسخات الحرارية,ظفار,طاقة,
قص وتفصيل المفروشات والأصناف المحشوة والأغطية المنزلية مثل الملاءات، أكياس الوسائد، المفارش، الألحفة، الوسائد، وأكياس النوم للرحلات وأنواع البياضات الأخرى .. إلخ,ظفار,طاقة,
العمليات المنفذة على الأحجار الخشنة خارج المحاجر مثل النشر والصقل والطحن ... إلخ,ظفار,طاقة,
صنع الخبز ومنتجاته,ظفار,طاقة,
تفصيل وخياطة وحياكة الملابس الرجالية غير العربية,ظفار,طاقة,
صنع الفطائر بأنواعها,ظفار,طاقة,
تحضير أو تعليب أو حفظ الفواكه وعصيرها,ظفار,طاقة,
صنع لوازم ومعدات الإنارة (النجف والثريات المعدنية ... إلخ),ظفار,طاقة,
تفصيل وخياطة الملابس النسائية العربية وغير العربية,ظفار,طاقة,
انتاج وتعبئة المياه المعدنية,ظفار,طاقة,
صنع الشيكولاته والحلويات المصنوعة من الشيكولاته,ظفار,طاقة,
تجهيز وبسترة وتعبئة الحليب واللبن الطازج,ظفار,طاقة,
تشغيل المسالخ (ذبح وتهيئة لحوم المواشي),ظفار,طاقة,
صنع الحلي والمجوهرات من المعادن الثمينة أو من الأحجار الكريمة (تشمل صياغة الذهب والفضة),ظفار,طاقة,
مراكز اللياقة البدنية يشمل مراكز كمال الأجسام,ظفار,طاقة,
أنشطة مدن التسلية ومدن الألعاب (الملاهي وألعاب التسلية),ظفار,طاقة,
المغامرات السياحية,ظفار,طاقة,
مقاهي الإنترنت (خدمات النفاذ للانترنت العامة),ظفار,طاقة,
النقل البري بالشاحنات للبضائع والسوائل والمعدات (مجدول - غير مجدول),ظفار,طاقة,
مكاتب التخليص الجمركي,ظفار,طاقة,
نقل النفايات والمخلفات,ظفار,طاقة,
شحن وتفريغ السلع (بغض النظر عن أسلوب النقل المستخدم),ظفار,طاقة,
تركيب وتمديد وإصلاح الأعمال الكهربائية,ظفار,طاقة,
المطاعم,ظفار,طاقة,
محلات البوظة (الآيس كريم),ظفار,طاقة,
المقاهي التي تقدم وجبات الطعام أساسا,ظفار,طاقة,
إصلاح وصيانة الغسالات والثلاجات والمكيفات,ظفار,طاقة,
قص وتصفيف الشعر والحلاقة للرجال,ظفار,طاقة,
غسيل جميع أنواع الملابس والمنسوجات,ظفار,طاقة,
إصلاح الدراجات الهوائية,ظفار,طاقة,
إصلاح وصيانة الأجهزة الإلكترونية (يشمل إصلاح الراديو والتليفزيون والأقراص المدمجة),ظفار,طاقة,
إدارة وتشغيل محطات تعبئة الوقود,ظفار,مرباط,23.0
المخازن التجارية العامة,ظفار,مرباط,8.0
إدارة الصالات,ظفار,مرباط,3.0
وزساطة العقارات (مكاتب الدلاليل),ظفار,مرباط,2.0
تنظيم أنشطة تقديم الرعاية الصحية والتعليم والخدمات الثقافية وغيرها من الخدمات الاجتماعية، فيما عدا الضمان الاجتماعي,ظفار,مرباط,1.0
إدارة المشاريع السياحية,ظفار,مرباط,1.0
إدارة وتأجير العقارات المملوكة أو المؤجرة (السكنية وغير السكنية),ظفار,مرباط,1.0
شراء وبيع الأراضي والعقارات وتقسيمها,ظفار,مرباط,
أنشطة تصميم الديكور الداخلي,ظفار,مرباط,
أنشطة تخطيط وتصميم المناظر الطبيعية,ظفار,مرباط,
اختبار الأداء للآلات تامة الصنع,ظفار,مرباط,
أنشطة استوديوهات ومعامل التصوير,ظفار,مرباط,
مقاولات البناء والتشييد (إنشاءات عامة للمباني السكنية والغير سكنية),ظفار,مرباط,
تغطية الأرضيات والجدران بالبلاط أو الباركيه أو الرخام أو السيراميك أو الموزاييك,ظفار,مرباط,
تركيب وإصلاح نظم التدفئة وتكييف الهواء,ظفار,مرباط,
أعمال الأساسات وهياكل الإنشاءات وأعمال الخرسانة ورص الطابوق ووضع الأحجار والسقالات وتغطية السقوف وغيرها,ظفار,مرباط,
مقاولات إنشاء شبكات ومحطات المياه والكهرباء والهاتف,ظفار,مرباط,
تشغيل مناجم الرمال أو الحصباء، بما في ذلك استخراج وتجريف الرمال الصناعية ورمال الإنشاءات والحصباء وتكسير وجرش الأحجار والحصباء (الكسارات),ظفار,مرباط,
تشغيل المحاجر,ظفار,مرباط,
تعدين الجبس والأنهيدريت,ظفار,مرباط,
التعليم الأساسي (المرحلة الأولى),ظفار,مرباط,
خدمات زراعية متعددة,ظفار,مرباط,
تربية الماشية والجاموس,ظفار,مرباط,
تربية الخيول للسباقات,ظفار,مرباط,
صيد الأسماك البحرية,ظفار,مرباط,
خدمات إستصلاح الأراضي للأغراض الزراعية,ظفار,مرباط,
جمع اللبان,ظفار,مرباط,
زراعة النباتات الحية لأغراض الغرس والزينة والشتلات (المشاتل),ظفار,مرباط,
تفصيل وخياطة وحياكة الملابس الرجالية العربية (محلات تفصيل خياطة الملابس الرجالية),ظفار,مرباط,
صنع منتجات خشبية متنوعة (ورش نجارة),ظفار,مرباط,
تفصيل وخياطة الملابس النسائية العربية وغير العربية,ظفار,مرباط,
صنع الشباك وشباك الصيد والحواجز الواقية على سطح السفن,ظفار,مرباط,
صنع قوارب وزوارق الصيد والسفن المشتملة على مصانع تجهيز الأسماك,ظفار,مرباط,
ورش الألمنيوم,ظفار,مرباط,
ذبح وتهيئة الدواجن والأرانب والطيور,ظفار,مرباط,
صنع الحلويات السكرية,ظفار,مرباط,
صنع وتركيب المنتجات المعدنية المصنوعة من أجزاء في الوحدة ذاتها والمستخدمة في البناء والتشييد مثل النوافذ والأبواب والسلالم والمظلات وأشغال معدنية مماثلة (ورش الحدادة),ظفار,مرباط,
قص وتفصيل الستائر,ظفار,مرباط,
صنع وتجهيز البخور,ظفار,مرباط,
انتاج وتعبئة المياه المعدنية,ظفار,مرباط,
صنع الطابوق الأسمنتي المفرغ والآجار,ظفار,مرباط,
صنع الدقيق والعجين للمخابز,ظفار,مرباط,
صنع الخبز ومنتجاته,ظفار,مرباط,
الطباعة بإستخدام الآلات الناسخة والحاسب الآلي والآلات المكتبية الأخرى مثل ناسخات الصور أو الناسخات الحرارية,ظفار,مرباط,
صنع المنتجات الحرفية من النسيج القطني أو الصوف,ظفار,مرباط,
تشغيل المسالخ (ذبح وتهيئة لحوم المواشي),ظفار,مرباط,
صنع الدفاتر والكراسات المدرسية، والأصناف المكتبية والمدرسية والتجارية الأخرى الورقية,ظفار,مرباط,
حفظ الأسماك والمنتجات السمكية والأحياء المائية الأخرى عن طريق التبريد أو التجميد,ظفار,مرباط,
اصلاح كهرباء السفن والقوارب,ظفار,مرباط,
صنع وتفصيل ملابس الرجال والنساء والأطفال الأخرى,ظفار,مرباط,
المغامرات السياحية,ظفار,مرباط,
النقل البري بالشاحنات للبضائع والسوائل والمعدات (مجدول - غير مجدول),ظفار,مرباط,
شحن وتفريغ السلع (بغض النظر عن أسلوب النقل المستخدم),ظفار,مرباط,
المطاعم,ظفار,مرباط,
المقاهي التي تقدم وجبات الطعام أساسا,ظفار,مرباط,
محلات البوظة (الآيس كريم),ظفار,مرباط,
المقاهي التي تقدم مشروبات أساسا,ظفار,مرباط,
إصلاح وصيانة أجهزة الحاسوب والمعدات الطرفية للحاسوب,ظفار,مرباط,
غسيل جميع أنواع الملابس والمنسوجات,ظفار,مرباط,
قص وتصفيف الشعر والحلاقة للرجال,ظفار,مرباط,
تصفيف الشعر وأنواع التجميل للنساء,ظفار,مرباط,
إدارة المشاريع السياحية,ظفار,مقشن,1.0
أنشطة دعم الخدمات للحكومة ككل، بإستثناء تشغيل المحفوظات الحكومية والمباني الحكومية,ظفار,مقشن,1.0
المخازن التجارية العامة,ظفار,مقشن,
أنشطة تصميم الديكور الداخلي,ظفار,مقشن,
مكتب إداري,ظفار,مقشن,
مقاولات البناء والتشييد (إنشاءات عامة للمباني السكنية والغير سكنية),ظفار,مقشن,
تشغيل مناجم الرمال أو الحصباء، بما في ذلك استخراج وتجريف الرمال الصناعية ورمال الإنشاءات والحصباء وتكسير وجرش الأحجار والحصباء (الكسارات),ظفار,مقشن,
انتاج وتعبئة المياه المعدنية,ظفار,مقشن,
صنع وتركيب المنتجات المعدنية المصنوعة من أجزاء في الوحدة ذاتها والمستخدمة في البناء والتشييد مثل النوافذ والأبواب والسلالم والمظلات وأشغال معدنية مماثلة (ورش الحدادة),ظفار,مقشن,
المطاعم,ظفار,مقشن,
